username,password
user1,password123
user10,password123
user100,password123
user101,password123
user102,password123
user103,password123
user104,password123
user105,password123
user106,password123
user107,password123
user108,password123
user109,password123
user11,password123
user110,password123
user111,password123
user112,password123
user113,password123
user114,password123
user115,password123
user116,password123
user117,password123
user118,password123
user119,password123
user12,password123
user120,password123
user121,password123
user122,password123
user123,password123
user124,password123
user125,password123
user126,password123
user127,password123
user128,password123
user129,password123
user13,password123
user130,password123
user131,password123
user132,password123
user133,password123
user134,password123
user135,password123
user136,password123
user137,password123
user138,password123
user139,password123
user14,password123
user140,password123
user141,password123
user142,password123
user143,password123
user144,password123
user145,password123
user146,password123
user147,password123
user148,password123
user149,password123
user15,password123
user150,password123
user151,password123
user152,password123
user153,password123
user154,password123
user155,password123
user156,password123
user157,password123
user158,password123
user159,password123
user16,password123
user160,password123
user161,password123
user162,password123
user163,password123
user164,password123
user165,password123
user166,password123
user167,password123
user168,password123
user169,password123
user17,password123
user170,password123
user171,password123
user172,password123
user173,password123
user174,password123
user175,password123
user176,password123
user177,password123
user178,password123
user179,password123
user18,password123
user180,password123
user181,password123
user182,password123
user183,password123
user184,password123
user185,password123
user186,password123
user187,password123
user188,password123
user189,password123
